Base Map,Sketch Maps,Generalization,Completeness_Streets(%),Completeness_Buildings(%),QualitativeAccuracy_Recall,QualitativeAccuracy_Precision,Generalization_OmissionMerge,Generalization_OmissionMerge(many-many),Generalization_Street_AbstractionToShowExistence,Generalization_JuctionMerge,Generalization_RoundaboutCollapse,Generalization_Amalgamation,Generalization_Collapse,Generalization_Building_AbstractionToShowExistence,QualitativeAccuracy_BuildingTopology(RCC8),QualitativeAccuracy_StreetBuildingTopology(DE9IM),QualitativeAccuracy_StreetsOrientation(OPRA),QualitativeAccuracy_StreetsConnectedness,QualitativeAccuracy_BuildingRoute_LeftRight,QualitativeAccuracy_BuildingRoute_LinearOrdering,GMDA_CanOrg_Buildings,GMDA_CanAcc_Buildings,GMDA_ScBias_Buildings,GMDA_DistAcc_Buildings,GMDA_RotBias_Buildings,GMDA_AngAcc_Buildings,GMDA_CanOrg_Junctions,GMDA_CanAcc_Junctions,GMDA_ScBias_Junctions,GMDA_DistAcc_Junctions,GMDA_RotBias_Junctions,GMDA_AngAcc_Junctions
_location4.png,AS_Sketch_1.png,9,41.30,30.00,0.84,0.9,8,0,0,0,0,1,0,0,94.44,0,41.67,98.83,100,100,0.08,0.95,-0.05,0.92,-10.86,0.90,0.08,0.86,0.09,0.89,-3.75,0.92
_location4.png,AS_Sketch_2.png,5,22.92,26.67,0.89,0.84,4,0,0,0,0,0,0,1,95.24,0,47.62,100,91.67,61.9,0.05,0.88,-0.05,0.93,-10.92,0.91,0.02,0.88,0.06,0.88,-4.44,0.95
_location4.png,AS_Sketch_3.png,13,53.49,55.56,0.94,0.84,10,0,0,0,0,3,0,0,86.67,0,48.89,100,70,48.48,0.23,0.89,-0.02,0.94,-6.91,0.91,0.25,0.94,0.06,0.93,-4.33,0.94
_location4.png,AS_Sketch_4.png,11,42.50,59.26,0.87,0.79,6,1,1,0,0,3,0,0,87.5,0,28,71.43,85.71,92.31,0.27,0.90,-0.01,0.95,-3.95,0.91,0.03,0.89,0.07,0.89,-16.67,0.91
_location4.png,AS_Sketch_5.png,9,47.62,58.62,0.92,0.9,8,0,0,0,0,1,0,0,100,0,46.15,100,96.77,75.24,0.31,0.91,-0.03,0.94,0.89,0.92,0.18,0.84,0.09,0.89,-3.68,0.93
_location4.png,AS_Sketch_6.png,8,27.66,35.71,0.9,0.92,6,0,0,0,0,2,0,0,100,0,45.45,100,100,92.86,0.11,0.91,-0.04,0.93,-3.58,0.92,0.04,0.87,0.12,0.86,-7.17,0.92
_location4.png,AS_Sketch_7.png,10,84.31,92.59,0.95,0.95,7,0,0,0,0,2,0,1,99.64,0,50,99.78,84,78.1,0.76,0.90,-0.01,0.95,-5.64,0.92,0.66,0.92,0.07,0.91,-5.3,0.94
_location4.png,AS_Sketch_8.png,7,27.50,28.57,0.76,0.64,5,0,0,0,0,2,0,0,100,0,38.89,81.82,55.56,14.29,0.07,0.89,0.14,0.85,-19.19,0.88,0.05,0.90,-0.02,0.90,-5.04,0.92
_location4.png,AS_Sketch_9.png,11,40.48,35.71,0.85,0.92,8,0,0,0,0,2,1,0,100,0,54.55,100,100,82.14,0.11,0.74,-0.03,0.94,-9.33,0.91,0.11,0.8,0.1,0.87,-9.85,0.91
_location4.png,AS_Sketch_10.png,13,64.29,32.14,0.94,0.93,9,0,0,2,0,2,0,0,100,0,54.1,100,85.71,60,0.08,0.87,-0.06,0.88,1.16,0.88,0.42,0.87,0.07,0.9,-2.6,0.93
_location4.png,CM_Sketch_1.png,8,40.43,30.00,0.86,0.92,7,0,0,0,0,1,0,0,94.44,0,52.78,98.83,100,100,0.08,0.95,-0.05,0.92,-10.73,0.90,0.07,0.85,0.1,0.88,-3.75,0.92
_location4.png,CM_Sketch_2.png,5,22.92,30.00,0.89,0.84,4,0,0,0,0,1,0,0,94.44,0,47.62,100,93.33,66.67,0.07,0.89,-0.04,0.93,-10.09,0.90,0.02,0.89,0.06,0.88,-4.36,0.95
_location4.png,CM_Sketch_3.png,14,52.38,55.56,0.94,0.9,10,0,0,1,0,3,0,0,100,0,64.44,100,80,59.09,0.27,0.90,-0.02,0.94,-6.87,0.92,0.22,0.95,0.06,0.93,-3.63,0.95
_location4.png,CM_Sketch_4.png,12,44.74,59.26,0.95,0.91,7,1,1,0,0,3,0,0,100,0,53.57,86.67,100,92.31,0.31,0.90,-0.02,0.94,-4.10,0.91,0.05,0.88,0.09,0.87,-10.70,0.93
_location4.png,CM_Sketch_5.png,9,48.78,58.62,0.93,0.91,8,0,0,0,0,1,0,0,100,0,56.41,90,100,90.48,0.31,0.91,-0.04,0.94,0.68,0.92,0.08,0.83,0.10,0.88,-4.74,0.94
_location4.png,CM_Sketch_6.png,8,27.66,35.71,0.93,0.94,6,0,0,0,0,2,0,0,100,0,59.09,100,100,92.86,0.11,0.91,-0.04,0.93,-3.57,0.92,0.04,0.88,0.12,0.86,-6.68,0.92
_location4.png,CM_Sketch_7.png,10,86.00,93.10,0.95,0.96,8,0,0,0,0,2,0,0,100,0,60,100,87.1,80.88,0.77,0.90,-0.01,0.95,-7.63,0.92,0.78,0.92,0.07,0.91,-5.99,0.93
_location4.png,CM_Sketch_8.png,8,28.21,28.57,0.93,0.88,6,0,0,0,0,2,0,0,100,0,72.22,100,85.71,46.67,0.07,0.89,0.14,0.86,-19.19,0.88,0.05,0.91,-0.02,0.9,-4.82,0.92
_location4.png,CM_Sketch_9.png,11,41.46,35.71,0.84,0.81,8,0,0,0,0,2,1,0,100,0,42.42,85.29,95,66.67,0.11,0.74,-0.03,0.94,-9.34,0.91,0.08,0.8,0.11,0.86,-8.75,0.91
_location4.png,CM_Sketch_10.png,13,64.29,32.14,0.94,0.89,9,0,0,2,0,2,0,0,100,0,54.1,100,66.67,21.43,0.08,0.87,-0.06,0.88,0.75,0.88,0.43,0.88,0.08,0.9,-2.37,0.93
_location4.png,JK_Sketch_1.png,8,41.30,30.00,0.86,0.93,7,0,0,0,0,1,0,0,94.44,0,58.33,98.83,100,100,0.08,0.95,-0.05,0.92,-10.89,0.90,0.07,0.85,0.1,0.88,-3.51,0.92
_location4.png,JK_Sketch_2.png,5,23.40,30.00,0.9,0.85,4,0,0,0,0,1,0,0,100,0,42.86,100,93.33,66.67,0.07,0.89,-0.04,0.93,-10.20,0.90,0.02,0.83,0.06,0.88,-4.66,0.95
_location4.png,JK_Sketch_3.png,13,53.49,55.56,0.93,0.91,10,0,0,0,0,3,0,0,100,0,42.22,100,84.21,72.73,0.27,0.90,-0.02,0.94,-6.91,0.92,0.25,0.94,0.06,0.93,-4.33,0.94
_location4.png,JK_Sketch_4.png,12,44.74,59.26,0.95,0.91,7,1,1,0,0,3,0,0,99.17,0,57.14,86.67,100,92.31,0.31,0.90,-0.02,0.94,-4.09,0.91,0.05,0.88,0.09,0.88,-10.53,0.93
_location4.png,JK_Sketch_5.png,9,48.78,58.62,0.92,0.89,8,0,0,0,0,1,0,0,100,0,41.03,90,100,89.52,0.31,0.91,-0.04,0.94,0.66,0.92,0.08,0.83,0.10,0.87,-4.74,0.94
_location4.png,JK_Sketch_6.png,8,28.26,35.71,0.92,0.93,6,0,0,0,0,2,0,0,100,0,50,100,100,92.86,0.11,0.91,-0.04,0.93,-3.54,0.92,0.04,0.86,0.12,0.86,-7.33,0.92
_location4.png,JK_Sketch_7.png,10,86.00,93.10,0.94,0.95,8,0,0,0,0,2,0,0,99.72,0,55.56,100,87.1,80.88,0.77,0.89,0.00,0.95,-7.67,0.92,0.78,0.92,0.07,0.92,-6.08,0.93
_location4.png,JK_Sketch_8.png,8,29.73,28.57,0.87,0.82,6,0,0,0,0,2,0,0,100,0,44.44,81.82,100,80,0.07,0.89,0.14,0.85,-19.09,0.88,0.05,0.91,-0.02,0.90,-4.82,0.92
_location4.png,JK_Sketch_9.png,11,40.00,35.71,0.84,0.8,8,0,0,0,0,2,1,0,100,0,41.18,85,93.75,66.67,0.11,0.74,-0.03,0.94,-9.37,0.91,0.01,0.83,0.01,0.91,0.96,0.97
_location4.png,JK_Sketch_10.png,13,65.85,32.14,0.92,0.9,10,0,0,1,0,2,0,0,100,0,40.98,98.86,85.71,60,0.08,0.87,-0.06,0.88,0.82,0.88,0.36,0.88,0.06,0.92,0.98,0.94
